{"F": 2.493333333333333, "R": 0.78, "L": 2, "X_feed": 29424160260.695, "N_reactors": 10, "pressure": 1.965, "t_ads_start": 100.0, "t_ads_end": 600.0, "k_ads_smooth": 2.0, "initial_guess": {"k_ads": 2.628413090171913e-12, "k_des": 0.02358734401037852, "k_rxn": 1.3703757029773324e-17, "S_tot": 58264568110461.61, "Y_tot": 96507325673713.16}, "experimental_data": {"t_exp": [3.3333333333333335, 6.666666666666667, 10.0, 13.333333333333334, 16.666666666666668, 20.0, 23.333333333333336, 26.666666666666668, 30.0, 33.333333333333336, 36.66666666666667, 40.0, 43.333333333333336, 46.66666666666667, 50.0, 53.333333333333336, 56.66666666666667, 60.0, 63.333333333333336, 66.66666666666667, 70.0, 73.33333333333334, 76.66666666666667, 80.0, 83.33333333333334, 86.66666666666667, 90.0, 93.33333333333334, 96.66666666666667, 100.0, 103.33333333333334, 106.66666666666667, 110.0, 113.33333333333334, 116.66666666666667, 120.0, 123.33333333333334, 126.66666666666667, 130.0, 133.33333333333334, 136.66666666666669, 140.0, 143.33333333333334, 146.66666666666669, 150.0, 153.33333333333334, 156.66666666666669, 160.0, 163.33333333333334, 166.66666666666669, 170.0, 173.33333333333334, 176.66666666666669, 180.0, 183.33333333333334, 186.66666666666669, 190.0, 193.33333333333334, 196.66666666666669, 200.0, 203.33333333333334, 206.66666666666669, 210.0, 213.33333333333334, 216.66666666666669, 220.0, 223.33333333333334, 226.66666666666669, 230.0, 233.33333333333334, 236.66666666666669, 240.0, 243.33333333333334, 246.66666666666669, 250.0, 253.33333333333334, 256.6666666666667, 260.0, 263.33333333333337, 266.6666666666667, 270.0, 273.33333333333337, 276.6666666666667, 280.0, 283.33333333333337, 286.6666666666667, 290.0, 293.33333333333337, 296.6666666666667, 300.0, 303.33333333333337, 306.6666666666667, 310.0, 313.33333333333337, 316.6666666666667, 320.0, 323.33333333333337, 326.6666666666667, 330.0, 333.33333333333337, 336.6666666666667, 340.0, 343.33333333333337, 346.6666666666667, 350.0, 353.33333333333337, 356.6666666666667, 360.0, 363.33333333333337, 366.6666666666667, 370.0, 373.33333333333337, 376.6666666666667, 380.0, 383.33333333333337, 386.6666666666667, 390.0, 393.33333333333337, 396.6666666666667, 400.0, 403.33333333333337, 406.6666666666667, 410.0, 413.33333333333337, 416.6666666666667, 420.0, 423.33333333333337, 426.6666666666667, 430.0, 433.33333333333337, 436.6666666666667, 440.0, 443.33333333333337, 446.6666666666667, 450.0, 453.33333333333337, 456.6666666666667, 460.0, 463.33333333333337, 466.6666666666667, 470.0, 473.33333333333337, 476.6666666666667, 480.0, 483.33333333333337, 486.6666666666667, 490.0, 493.33333333333337, 496.6666666666667, 500.0, 503.33333333333337, 506.6666666666667, 510.0, 513.3333333333334, 516.6666666666667, 520.0, 523.3333333333334, 526.6666666666667, 530.0, 533.3333333333334, 536.6666666666667, 540.0, 543.3333333333334, 546.6666666666667, 550.0, 553.3333333333334, 556.6666666666667, 560.0, 563.3333333333334, 566.6666666666667, 570.0, 573.3333333333334, 576.6666666666667, 580.0, 583.3333333333334, 586.6666666666667, 590.0, 593.3333333333334, 596.6666666666667, 600.0, 603.3333333333334, 606.6666666666667, 610.0, 613.3333333333334, 616.6666666666667, 620.0, 623.3333333333334, 626.6666666666667, 630.0, 633.3333333333334, 636.6666666666667, 640.0, 643.3333333333334, 646.6666666666667, 650.0, 653.3333333333334, 656.6666666666667, 660.0, 663.3333333333334, 666.6666666666667, 670.0, 673.3333333333334, 676.6666666666667, 680.0, 683.3333333333334, 686.6666666666667, 690.0, 693.3333333333334, 696.6666666666667, 700.0, 703.3333333333334, 706.6666666666667, 710.0, 713.3333333333334, 716.6666666666667, 720.0, 723.3333333333334, 726.6666666666667, 730.0, 733.3333333333334, 736.6666666666667, 740.0, 743.3333333333334, 746.6666666666667, 750.0, 753.3333333333334, 756.6666666666667, 760.0, 763.3333333333334, 766.6666666666667, 770.0, 773.3333333333334, 776.6666666666667, 780.0, 783.3333333333334, 786.6666666666667, 790.0, 793.3333333333334, 796.6666666666667, 800.0, 803.3333333333334, 806.6666666666667, 810.0, 813.3333333333334, 816.6666666666667, 820.0, 823.3333333333334, 826.6666666666667, 830.0, 833.3333333333334, 836.6666666666667, 840.0, 843.3333333333334, 846.6666666666667, 850.0, 853.3333333333334, 856.6666666666667, 860.0, 863.3333333333334, 866.6666666666667, 870.0, 873.3333333333334, 876.6666666666667, 880.0, 883.3333333333334, 886.6666666666667, 890.0, 893.3333333333334, 896.6666666666667, 900.0, 903.3333333333334, 906.6666666666667, 910.0, 913.3333333333334, 916.6666666666667, 920.0, 923.3333333333334, 926.6666666666667, 930.0, 933.3333333333334, 936.6666666666667, 940.0, 943.3333333333334, 946.6666666666667, 950.0, 953.3333333333334, 956.6666666666667, 960.0, 963.3333333333334, 966.6666666666667, 970.0, 973.3333333333334, 976.6666666666667, 980.0, 983.3333333333334, 986.6666666666667, 990.0, 993.3333333333334, 996.6666666666667, 1000.0],