{
    "F": 2.367965,
    "R": 0.78,
    "L": 5,
    "X_feed": 8268185491.677341,
    "N_reactors": 18,
    "pressure": 1.924,
    "t_ads_start": 161.88,
    "t_ads_end": 296.28,
    "t_tot": 534.0,
    "N_t": 300,
    "fitted_parameters": {
        "k_ads": 4.4133525590636e-11,
        "k_des": 0.089775300136134,
        "k_rxn": 3.9841100302687814e-15,
        "S_tot": 6273222491469.973,
        "Y_tot": 2339979296022.999
    }
}