{
    "F": 2.367965,
    "R": 0.78,
    "L": 5,
    "X_feed": 8268185491.677341,
    "N_reactors": 1,
    "pressure": 1.924,
    "t_ads_start": 161.88,
    "t_ads_end": 296.28,
    "t_tot": 534.0,
    "N_t": 300,
    "fitted_parameters": {
        "k_ads": 4.5740064549465275e-11,
        "k_des": 0.08621683866161821,
        "k_rxn": 3.888037526194181e-15,
        "S_tot": 6160525647560.282,
        "Y_tot": 2265440387590.3267
    }
}