{
    "F": 2.493333333333333,
    "R": 0.78,
    "L": 2,
    "X_feed": 29424160260.695,
    "N_reactors": 18,
    "pressure": 1.965,
    "t_ads_start": 267.23999999999995,
    "t_ads_end": 546.78,
    "t_tot": 865.8,
    "k_ads_smooth": 2.0,
    "N_t": 300,
    "fitted_parameters": {
        "k_ads": 7.2639056789886046e-12,
        "k_des": 0.05281852919519623,
        "k_rxn": 2.525846359202463e-16,
        "S_tot": 27942701526429.187,
        "Y_tot": 89929640221868.64
    }
}