{
    "F": 2.493333333333333,
    "R": 0.78,
    "L": 2,
    "X_feed": 29424160260.695,
    "Di": 40.0,
    "N_reactors": 20,
    "pressure": 1.965,
    "t_ads_start": 267.23999999999995,
    "t_ads_end": 546.78,
    "t_tot": 1000.0,
    "k_ads_smooth": 2.0,
    "N_t": 1000,
    "fitted_parameters": {
        "k_ads": 5.584147e-12,
        "k_des": 5.749308e-02,
        "k_rxn": 2.998977e-16,
        "S_tot": 2.728468e+13,
        "Y_tot": 8.714206e+13
    }
}