{
    "F": 2.493333333333333,
    "R": 0.78,
    "L": 2,
    "X_feed": 29424160260.695,
    "Di": 0.431,
    "N_reactors": 20,
    "pressure": 1.965,
    "t_ads_start": 267.23999999999995,
    "t_ads_end": 546.78,
    "t_tot": 1000.0,
    "tau_sw_1": 1.0,
    "tau_sw_2": 2.5,
    "N_t": 1000,
    "fitted_parameters": {
        "k_ads": 1.991724e-12,
        "k_des": 1.766494e-02,
        "k_rxn": 2.420383e-16,
        "S_tot": 3.767942e+13,
        "Y_tot": 8.606885e+13
    }
}