{
    "F": 2.367965,
    "R": 0.78,
    "L": 5,
    "X_feed": 8268185491.677341,
    "Di": 40.0,
    "N_reactors": 20,
    "pressure": 1.924,
    "t_ads_start": 161.88,
    "t_ads_end": 290.28,
    "t_tot": 1000.0,
    "k_ads_smooth": 6.0,
    "N_t": 1000,
    "fitted_parameters": {
        "k_ads": 1.552181e-11,
        "k_des": 7.693783e-02,
        "k_rxn": 8.514979e-18,
        "S_tot": 8.583107e+12,
        "Y_tot": 2.671944e+14
    }
}