{
    "F": 2.367965,
    "R": 0.78,
    "L": 5,
    "X_feed": 8268185491.677341,
    "Di": 0.431,
    "N_reactors": 20,
    "pressure": 1.924,
    "t_ads_start": 161.88,
    "t_ads_end": 290.28,
    "t_tot": 1000.0,
    "tau_sw_1": 1.0,
    "tau_sw_2": 8.5,
    "N_t": 1000,
    "fitted_parameters": {
        "k_ads": 5.535918e-12,
        "k_des": 3.143248e-02,
        "k_rxn": 1.247770e-18,
        "S_tot": 1.201782e+13,
        "Y_tot": 1.354995e+15
    }
}